﻿pos_x,pos_y,rotation,side,designator,mpn,pack,value,mount_type,place
244.475,-319.405,90.0,top,BT1,,PinHeader_1x02_P2.54mm_Vertical,4 D Cells,tht,True
482.6,-234.95,0.0,top,BT2,,PinHeader_1x02_P2.54mm_Vertical,1 C Cell,tht,True
92.75,-86.995,0.0,top,C1,,C_Disc_D5.0mm_W2.5mm_P5.00mm,390pF,tht,True
205.185,-105.91,0.0,top,C10,,C_Disc_D5.0mm_W2.5mm_P5.00mm,0.1uF,tht,True
189.865,-116.07,0.0,top,C11,,C_Disc_D5.0mm_W2.5mm_P5.00mm,0.01uF,tht,True
176.03,-154.575,-90.0,top,C12,,C_Disc_D5.0mm_W2.5mm_P5.00mm,100uF,tht,True
176.165,-181.88,-90.0,top,C13,,C_Disc_D5.0mm_W2.5mm_P5.00mm,100uF,tht,True
180.475,-140.605,0.0,top,C14,,C_Disc_D5.0mm_W2.5mm_P5.00mm,750pF,tht,True
180.61,-167.91,0.0,top,C15,,C_Disc_D5.0mm_W2.5mm_P5.00mm,0.1uF,tht,True
205.24,-140.605,0.0,top,C16,,C_Disc_D5.0mm_W2.5mm_P5.00mm,130pF,tht,True
205.32,-167.775,0.0,top,C17,,C_Disc_D5.0mm_W2.5mm_P5.00mm,0.1uF,tht,True
188.04,-175.895,0.0,top,C18,,C_Disc_D5.0mm_W2.5mm_P5.00mm,0.01uF,tht,True
280.67,-93.345,-90.0,top,C19,,C_Disc_D5.0mm_W2.5mm_P5.00mm,100uF,tht,True
112.395,-71.755,180.0,top,C2,,C_Disc_D5.0mm_W2.5mm_P5.00mm,330pF,tht,True
283.845,-118.11,-90.0,top,C20,,C_Disc_D5.0mm_W2.5mm_P5.00mm,100uF,tht,True
288.29,-78.74,0.0,top,C21,,C_Disc_D5.0mm_W2.5mm_P5.00mm,750pF,tht,True
288.425,-106.045,0.0,top,C22,,C_Disc_D5.0mm_W2.5mm_P5.00mm,0.1uF,tht,True
313.055,-78.74,0.0,top,C23,,C_Disc_D5.0mm_W2.5mm_P5.00mm,130pF,tht,True
313.135,-105.91,0.0,top,C24,,C_Disc_D5.0mm_W2.5mm_P5.00mm,0.1uF,tht,True
190.5,-199.39,0.0,top,C25,,C_Disc_D5.0mm_W2.5mm_P5.00mm,750pF,tht,True
190.635,-231.775,0.0,top,C26,,C_Disc_D5.0mm_W2.5mm_P5.00mm,0.1uF,tht,True
215.265,-199.39,0.0,top,C27,,C_Disc_D5.0mm_W2.5mm_P5.00mm,130pF,tht,True
300.99,-150.1775,0.0,top,C28,,C_Disc_D5.0mm_W2.5mm_P5.00mm,0.1uF,tht,True
316.23,-150.1775,0.0,top,C29,,C_Disc_D5.0mm_W2.5mm_P5.00mm,0.1uF,tht,True
92.75,-127.635,0.0,top,C3,,C_Disc_D5.0mm_W2.5mm_P5.00mm,0.1uF,tht,True
300.99,-159.0675,0.0,top,C30,,C_Disc_D5.0mm_W2.5mm_P5.00mm,100pF,tht,True
316.23,-159.0675,0.0,top,C31,,C_Disc_D5.0mm_W2.5mm_P5.00mm,100pF,tht,True
363.22,-150.1775,0.0,top,C32,,C_Disc_D5.0mm_W2.5mm_P5.00mm,0.1uF,tht,True
378.46,-150.1775,0.0,top,C33,,C_Disc_D5.0mm_W2.5mm_P5.00mm,0.1uF,tht,True
363.22,-159.0675,0.0,top,C34,,C_Disc_D5.0mm_W2.5mm_P5.00mm,100pF,tht,True
378.46,-159.0675,0.0,top,C35,,C_Disc_D5.0mm_W2.5mm_P5.00mm,100pF,tht,True
181.69,-303.45,90.0,top,C36,,C_Disc_D5.0mm_W2.5mm_P5.00mm,82pF,tht,True
186.77,-288.29,0.0,top,C37,,C_Disc_D5.0mm_W2.5mm_P5.00mm,180pF,tht,True
420.37,-144.145,0.0,top,C38,,C_Disc_D5.0mm_W2.5mm_P5.00mm,0.22uF,tht,True
430.53,-149.225,-90.0,top,C39,,C_Disc_D5.0mm_W2.5mm_P5.00mm,0.1uF,tht,True
112.395,-112.395,180.0,top,C4,,C_Disc_D5.0mm_W2.5mm_P5.00mm,0.2uF,tht,True
367.03,-110.41,90.0,top,C40,,C_Disc_D5.0mm_W2.5mm_P5.00mm,27pF,tht,True
366.395,-85.645,90.0,top,C41,,C_Disc_D5.0mm_W2.5mm_P5.00mm,0.01uF,tht,True
386.08,-95.17,90.0,top,C42,,C_Disc_D5.0mm_W2.5mm_P5.00mm,62pF,tht,True
410.29,-87.63,0.0,top,C43,,C_Disc_D5.0mm_W2.5mm_P5.00mm,180pF,tht,True
410.21,-97.155,0.0,top,C44,,C_Disc_D5.0mm_W2.5mm_P5.00mm,56pF,tht,True
464.82,-86.28,90.0,top,C45,,C_Disc_D5.0mm_W2.5mm_P5.00mm,360pF,tht,True
440.055,-105.965,90.0,top,C46,,C_Disc_D5.0mm_W2.5mm_P5.00mm,120pF,tht,True
128.27,-285.115,0.0,top,C47,,C_Disc_D5.0mm_W2.5mm_P5.00mm,0.1uF,tht,True
129.54,-255.27,0.0,top,C48,,C_Disc_D5.0mm_W2.5mm_P5.00mm,0.01uF,tht,True
144.145,-255.27,0.0,top,C49,,C_Disc_D5.0mm_W2.5mm_P5.00mm,0.01uF,tht,True
175.895,-92.71,-90.0,top,C5,,C_Disc_D5.0mm_W2.5mm_P5.00mm,100uF,tht,True
123.825,-290.115,90.0,top,C50,,C_Disc_D5.0mm_W2.5mm_P5.00mm,0.01uF,tht,True
95.25,-302.895,0.0,top,C51,,C_Disc_D5.0mm_W2.5mm_P5.00mm,0.3uF,tht,True
107.95,-323.85,0.0,top,C52,,C_Disc_D5.0mm_W2.5mm_P5.00mm,0.1uF,tht,True
128.905,-306.705,0.0,top,C53,,C_Disc_D5.0mm_W2.5mm_P5.00mm,0.1uF,tht,True
395.605,-234.95,-90.0,top,C54,,C_Disc_D5.0mm_W2.5mm_P5.00mm,10uF,tht,True
433.705,-234.95,-90.0,top,C55,,C_Disc_D5.0mm_W2.5mm_P5.00mm,10uF,tht,True
295.325,-255.245,0.0,top,C56,,C_Disc_D5.0mm_W2.5mm_P5.00mm,0.02uF,tht,True
176.03,-118.745,-90.0,top,C6,,C_Disc_D5.0mm_W2.5mm_P5.00mm,100uF,tht,True
180.34,-78.74,0.0,top,C7,,C_Disc_D5.0mm_W2.5mm_P5.00mm,750pF,tht,True
180.475,-106.045,0.0,top,C8,,C_Disc_D5.0mm_W2.5mm_P5.00mm,0.1uF,tht,True
205.105,-78.74,0.0,top,C9,,C_Disc_D5.0mm_W2.5mm_P5.00mm,130pF,tht,True
181.69,-289.56,-90.0,top,CV1,,C_Disc_D5.0mm_W2.5mm_P5.00mm,9-35pF,tht,True
375.92,-94.615,180.0,top,CV2,,C_Disc_D5.0mm_W2.5mm_P5.00mm,9-35pF,tht,True
170.815,-78.74,180.0,top,D1,,D_DO-35_SOD27_P7.62mm_Horizontal,1N4148,tht,True
318.77,-181.9275,-90.0,top,D10,,D_DO-35_SOD27_P7.62mm_Horizontal,1N4148,tht,True
282.575,-143.1925,0.0,top,D11,,D_DO-35_SOD27_P7.62mm_Horizontal,1N270,tht,True
290.195,-166.0525,180.0,top,D12,,D_DO-35_SOD27_P7.62mm_Horizontal,1N270,tht,True
342.265,-143.1925,180.0,top,D13,,D_DO-35_SOD27_P7.62mm_Horizontal,1N270,tht,True
334.645,-166.0525,0.0,top,D14,,D_DO-35_SOD27_P7.62mm_Horizontal,1N270,tht,True
362.585,-183.1975,-90.0,top,D15,,D_DO-35_SOD27_P7.62mm_Horizontal,1N4148,tht,True
371.475,-183.1975,-90.0,top,D16,,D_DO-35_SOD27_P7.62mm_Horizontal,1N4148,tht,True
245.745,-262.89,180.0,top,D17,,D_DO-35_SOD27_P7.62mm_Horizontal,1N4148,tht,True
245.745,-276.225,180.0,top,D18,,D_DO-35_SOD27_P7.62mm_Horizontal,1N4148,tht,True
238.125,-282.575,0.0,top,D19,,D_DO-35_SOD27_P7.62mm_Horizontal,1N4148,tht,True
171.9025,-106.045,180.0,top,D2,,D_DO-35_SOD27_P7.62mm_Horizontal,1N4148,tht,True
238.125,-288.925,0.0,top,D20,,D_DO-35_SOD27_P7.62mm_Horizontal,1N4148,tht,True
238.125,-295.275,0.0,top,D21,,D_DO-35_SOD27_P7.62mm_Horizontal,1N4148,tht,True
238.125,-301.625,0.0,top,D22,,D_DO-35_SOD27_P7.62mm_Horizontal,1N4148,tht,True
440.055,-156.845,90.0,top,D23,,D_DO-35_SOD27_P7.62mm_Horizontal,1N270,tht,True
450.215,-170.815,90.0,top,D24,,D_DO-35_SOD27_P7.62mm_Horizontal,1N4148,tht,True
462.28,-170.815,90.0,top,D25,,D_DO-35_SOD27_P7.62mm_Horizontal,1N4148,tht,True
430.53,-158.115,-90.0,top,D26,,D_DO-35_SOD27_P7.62mm_Horizontal,1N4148,tht,True
430.53,-176.53,90.0,top,D27,,D_DO-35_SOD27_P7.62mm_Horizontal,1N4148,tht,True
435.61,-87.63,180.0,top,D28,,D_DO-35_SOD27_P7.62mm_Horizontal,1N4148,tht,True
427.99,-97.155,0.0,top,D29,,D_DO-35_SOD27_P7.62mm_Horizontal,1N4148,tht,True
170.95,-140.605,180.0,top,D3,,D_DO-35_SOD27_P7.62mm_Horizontal,1N4148,tht,True
88.265,-272.415,-90.0,top,D30,,D_DO-35_SOD27_P7.62mm_Horizontal,1N4148,tht,True
78.105,-268.605,0.0,top,D31,,D_DO-35_SOD27_P7.62mm_Horizontal,1N4148,tht,True
92.71,-268.605,0.0,top,D32,,D_DO-35_SOD27_P7.62mm_Horizontal,1N4148,tht,True
85.725,-261.62,0.0,top,D33,,D_DO-35_SOD27_P7.62mm_Horizontal,1N4148,tht,True
81.915,-239.395,-90.0,top,D34,,D_DO-35_SOD27_P7.62mm_Horizontal,1N4148,tht,True
100.965,-241.935,0.0,top,D35,,D_DO-35_SOD27_P7.62mm_Horizontal,1N4148,tht,True
120.65,-262.255,180.0,top,D36,,D_DO-35_SOD27_P7.62mm_Horizontal,1N4148,tht,True
139.065,-277.495,-90.0,top,D37,,D_DO-35_SOD27_P7.62mm_Horizontal,1N4148,tht,True
88.265,-289.56,180.0,top,D38,,D_DO-35_SOD27_P7.62mm_Horizontal,1N4148,tht,True
262.255,-197.485,0.0,top,D39,,D_DO-35_SOD27_P7.62mm_Horizontal,1N270,tht,True
171.085,-167.91,180.0,top,D4,,D_DO-35_SOD27_P7.62mm_Horizontal,1N4148,tht,True
262.255,-206.375,0.0,top,D40,,D_DO-35_SOD27_P7.62mm_Horizontal,1N270,tht,True
262.255,-213.36,0.0,top,D41,,D_DO-35_SOD27_P7.62mm_Horizontal,1N270,tht,True
262.255,-220.345,0.0,top,D42,,D_DO-35_SOD27_P7.62mm_Horizontal,1N270,tht,True
301.625,-197.485,0.0,top,D43,,D_DO-35_SOD27_P7.62mm_Horizontal,1N270,tht,True
301.625,-206.375,0.0,top,D44,,D_DO-35_SOD27_P7.62mm_Horizontal,1N270,tht,True
321.945,-197.485,180.0,top,D45,,D_DO-35_SOD27_P7.62mm_Horizontal,1N4148,tht,True
309.245,-226.695,180.0,top,D46,,D_DO-35_SOD27_P7.62mm_Horizontal,1N4148,tht,True
339.725,-220.98,90.0,top,D47,,D_DO-35_SOD27_P7.62mm_Horizontal,1N4148,tht,True
344.17,-220.98,90.0,top,D48,,D_DO-35_SOD27_P7.62mm_Horizontal,1N4148,tht,True
278.765,-78.74,180.0,top,D5,,D_DO-35_SOD27_P7.62mm_Horizontal,1N4148,tht,True
278.9,-106.045,180.0,top,D6,,D_DO-35_SOD27_P7.62mm_Horizontal,1N4148,tht,True
180.975,-199.39,180.0,top,D7,,D_DO-35_SOD27_P7.62mm_Horizontal,1N4148,tht,True
181.11,-231.775,180.0,top,D8,,D_DO-35_SOD27_P7.62mm_Horizontal,1N4148,tht,True
303.53,-181.9275,-90.0,top,D9,,D_DO-35_SOD27_P7.62mm_Horizontal,1N4148,tht,True
462.915,-232.41,0.0,top,J1,,IDC-Header_2x04_P2.54mm_Vertical,Rifle Connector - C7-205,tht,True
473.075,-194.945,0.0,top,J2,,IDC-Header_2x06_P2.54mm_Vertical,12-Pin Cinch Jones Expansion Connector,tht,True
111.76,-250.19,180.0,top,J3,,PinHeader_1x02_P2.54mm_Vertical,Jumper,tht,True
172.72,-300.355,90.0,top,L1,,L_Axial_L5.3mm_D2.2mm_P7.62mm_Horizontal_Vishay_IM-1,"4 Turns, #16 brass",tht,True
172.72,-315.595,90.0,top,L2,,L_Axial_L5.3mm_D2.2mm_P7.62mm_Horizontal_Vishay_IM-1,L,tht,True
83.185,-88.265,90.0,top,Q1,,TO-92_Offset_TO-106_EBC,2N5134,tht,True
222.385,-141.875,90.0,top,Q10,,TO-92_Offset_TO-106_EBC,2N5134,tht,True
196.485,-169.18,90.0,top,Q11,,TO-92_Offset_TO-106_EBC,2N5133,tht,True
219.21,-169.045,90.0,top,Q12,,TO-92_Offset_TO-106_EBC,2N5134,tht,True
304.165,-80.01,90.0,top,Q13,,TO-92_Offset_TO-106_EBC,2N5134,tht,True
330.2,-80.01,90.0,top,Q14,,TO-92_Offset_TO-106_EBC,2N5134,tht,True
304.3,-107.315,90.0,top,Q15,,TO-92_Offset_TO-106_EBC,2N5133,tht,True
327.025,-107.18,90.0,top,Q16,,TO-92_Offset_TO-106_EBC,2N5134,tht,True
206.375,-200.66,90.0,top,Q17,,TO-92_Offset_TO-106_EBC,2N5134,tht,True
228.6,-200.66,90.0,top,Q18,,TO-92_Offset_TO-106_EBC,2N5134,tht,True
206.51,-233.045,90.0,top,Q19,,TO-92_Offset_TO-106_EBC,2N5133,tht,True
119.38,-70.485,-90.0,top,Q2,,TO-92_Offset_TO-106_EBC,2N5139,tht,True
229.235,-232.91,90.0,top,Q20,,TO-92_Offset_TO-106_EBC,2N5134,tht,True
295.91,-172.4025,90.0,top,Q21,,TO-92_Offset_TO-106_EBC,2N5133,tht,True
295.91,-136.8425,-90.0,top,Q22,,TO-92_Offset_TO-106_EBC,2N5139,tht,True
326.39,-172.4025,90.0,top,Q23,,TO-92_Offset_TO-106_EBC,2N5133,tht,True
326.39,-136.8425,-90.0,top,Q24,,TO-92_Offset_TO-106_EBC,2N5139,tht,True
358.14,-172.4025,90.0,top,Q25,,TO-92_Offset_TO-106_EBC,2N5133,tht,True
358.14,-136.8425,-90.0,top,Q26,,TO-92_Offset_TO-106_EBC,2N5139,tht,True
388.62,-172.4025,90.0,top,Q27,,TO-92_Offset_TO-106_EBC,2N5133,tht,True
388.62,-136.8425,-90.0,top,Q28,,TO-92_Offset_TO-106_EBC,2N5139,tht,True
214.63,-283.845,90.0,top,Q29,,TO-92_Offset_TO-106_EBC,2N5134,tht,True
83.185,-128.905,90.0,top,Q3,,TO-92_Offset_TO-106_EBC,2N5134,tht,True
203.2,-304.8,90.0,top,Q30,,TO-92_Offset_TO-106_EBC,2N5134,tht,True
104.775,-173.99,90.0,top,Q31,,TO-92_Offset_TO-106_EBC,2N5133,tht,True
104.775,-203.2,90.0,top,Q32,,TO-92_Offset_TO-106_EBC,2N5133,tht,True
414.655,-150.495,90.0,top,Q33,,TO-92_Offset_TO-106_EBC,2N5133,tht,True
455.93,-150.495,90.0,top,Q34,,TO-92_Offset_TO-106_EBC,2N5133,tht,True
386.08,-103.505,90.0,top,Q35,,TO-92_Offset_TO-106_EBC,2N5134,tht,True
454.025,-82.55,90.0,top,Q36,,TO-92_Offset_TO-106_EBC,2N5134,tht,True
92.71,-243.205,90.0,top,Q37,,TO-92_Offset_TO-106_EBC,2N5133,tht,True
125.095,-269.875,90.0,top,Q38,,TO-92_Offset_TO-106_EBC,2N5133,tht,True
153.035,-269.875,90.0,top,Q39,,TO-92_Offset_TO-106_EBC,2N5133,tht,True
119.38,-111.125,-90.0,top,Q4,,TO-92_Offset_TO-106_EBC,2N5139,tht,True
80.645,-253.365,0.0,top,Q40,,TO-92_Offset_TO-106_EBC,2N5139,tht,True
78.105,-283.845,0.0,top,Q41,,TO-92_Offset_TO-106_EBC,2N5139,tht,True
116.205,-307.975,90.0,top,Q42,,TO-92_Offset_TO-106_EBC,2N5133,tht,True
146.05,-297.815,-90.0,top,Q43,,TO-92_Offset_TO-106_EBC,2N5139,tht,True
71.755,-309.88,90.0,top,Q44,,TO-92_Offset_TO-106_EBC,2N5133,tht,True
106.045,-309.88,90.0,top,Q45,,TO-92_Offset_TO-106_EBC,2N5133,tht,True
331.47,-222.25,90.0,top,Q46,,TO-92_Offset_TO-106_EBC,2N5133,tht,True
196.215,-80.01,90.0,top,Q5,,TO-92_Offset_TO-106_EBC,2N5134,tht,True
222.25,-80.01,90.0,top,Q6,,TO-92_Offset_TO-106_EBC,2N5134,tht,True
196.35,-107.315,90.0,top,Q7,,TO-92_Offset_TO-106_EBC,2N5133,tht,True
219.075,-107.18,90.0,top,Q8,,TO-92_Offset_TO-106_EBC,2N5134,tht,True
196.35,-141.875,90.0,top,Q9,,TO-92_Offset_TO-106_EBC,2N5134,tht,True
83.185,-77.47,90.0,top,R1,,R_Axial_DIN0207_L6.3mm_D2.5mm_P7.62mm_Horizontal,2K,tht,True
119.38,-122.555,-90.0,top,R10,,R_Axial_DIN0207_L6.3mm_D2.5mm_P7.62mm_Horizontal,2K,tht,True
450.215,-180.975,90.0,top,R100,,R_Axial_DIN0207_L6.3mm_D2.5mm_P7.62mm_Horizontal,20K,tht,True
462.28,-180.975,90.0,top,R101,,R_Axial_DIN0207_L6.3mm_D2.5mm_P7.62mm_Horizontal,20K,tht,True
379.73,-80.645,-90.0,top,R102,,R_Axial_DIN0207_L6.3mm_D2.5mm_P7.62mm_Horizontal,300K,tht,True
419.735,-80.01,-90.0,top,R103,,R_Axial_DIN0207_L6.3mm_D2.5mm_P7.62mm_Horizontal,10K,tht,True
425.45,-100.965,-90.0,top,R104,,R_Axial_DIN0207_L6.3mm_D2.5mm_P7.62mm_Horizontal,10K,tht,True
427.99,-80.01,0.0,top,R106,,R_Axial_DIN0207_L6.3mm_D2.5mm_P7.62mm_Horizontal,6.2K,tht,True
440.055,-80.01,-90.0,top,R107,,R_Axial_DIN0207_L6.3mm_D2.5mm_P7.62mm_Horizontal,6.2K,tht,True
467.995,-81.28,0.0,top,R108,,R_Axial_DIN0207_L6.3mm_D2.5mm_P7.62mm_Horizontal,51K,tht,True
461.01,-88.9,90.0,top,R109,,R_Axial_DIN0207_L6.3mm_D2.5mm_P7.62mm_Horizontal,15K,tht,True
89.535,-120.015,-90.0,top,R11,,R_Axial_DIN0207_L6.3mm_D2.5mm_P7.62mm_Horizontal,150K,tht,True
85.05,-235.585,0.0,top,R110,,R_Axial_DIN0207_L6.3mm_D2.5mm_P7.62mm_Horizontal,10K,tht,True
96.52,-230.505,0.0,top,R111,,R_Axial_DIN0207_L6.3mm_D2.5mm_P7.62mm_Horizontal,10K,tht,True
98.425,-245.745,-90.0,top,R112,,R_Axial_DIN0207_L6.3mm_D2.5mm_P7.62mm_Horizontal,100K,tht,True
111.76,-231.14,-90.0,top,R113,,R_Axial_DIN0207_L6.3mm_D2.5mm_P7.62mm_Horizontal,100K,tht,True
123.825,-243.84,-90.0,top,R114,,R_Axial_DIN0207_L6.3mm_D2.5mm_P7.62mm_Horizontal,10K,tht,True
154.305,-243.84,-90.0,top,R115,,R_Axial_DIN0207_L6.3mm_D2.5mm_P7.62mm_Horizontal,10K,tht,True
128.27,-262.255,0.0,top,R116,,R_Axial_DIN0207_L6.3mm_D2.5mm_P7.62mm_Horizontal,100K,tht,True
142.875,-262.255,0.0,top,R117,,R_Axial_DIN0207_L6.3mm_D2.5mm_P7.62mm_Horizontal,100K,tht,True
130.175,-273.685,0.0,top,R118,,R_Axial_DIN0207_L6.3mm_D2.5mm_P7.62mm_Horizontal,100K,tht,True
140.335,-273.685,0.0,top,R119,,R_Axial_DIN0207_L6.3mm_D2.5mm_P7.62mm_Horizontal,100K,tht,True
112.395,-122.555,-90.0,top,R12,,R_Axial_DIN0207_L6.3mm_D2.5mm_P7.62mm_Horizontal,220K,tht,True
142.875,-285.115,0.0,top,R120,,R_Axial_DIN0207_L6.3mm_D2.5mm_P7.62mm_Horizontal,10K,tht,True
70.485,-273.685,-90.0,top,R121,,R_Axial_DIN0207_L6.3mm_D2.5mm_P7.62mm_Horizontal,51K,tht,True
91.44,-289.56,0.0,top,R122,,R_Axial_DIN0207_L6.3mm_D2.5mm_P7.62mm_Horizontal,33K,tht,True
106.045,-295.275,-90.0,top,R123,,R_Axial_DIN0207_L6.3mm_D2.5mm_P7.62mm_Horizontal,10K,tht,True
80.01,-295.275,-90.0,top,R124,,R_Axial_DIN0207_L6.3mm_D2.5mm_P7.62mm_Horizontal,100K,tht,True
86.995,-308.61,0.0,top,R125,,R_Axial_DIN0207_L6.3mm_D2.5mm_P7.62mm_Horizontal,100K,tht,True
71.755,-295.275,-90.0,top,R126,,R_Axial_DIN0207_L6.3mm_D2.5mm_P7.62mm_Horizontal,10K,tht,True
99.695,-318.135,90.0,top,R127,,R_Axial_DIN0207_L6.3mm_D2.5mm_P7.62mm_Horizontal,51K,tht,True
116.205,-300.355,90.0,top,R128,,R_Axial_DIN0207_L6.3mm_D2.5mm_P7.62mm_Horizontal,5.1K,tht,True
123.825,-300.355,90.0,top,R129,,R_Axial_DIN0207_L6.3mm_D2.5mm_P7.62mm_Horizontal,5.1K,tht,True
163.195,-90.805,0.0,top,R13,,R_Axial_DIN0207_L6.3mm_D2.5mm_P7.62mm_Horizontal,2K,tht,True
123.825,-314.325,90.0,top,R130,,R_Axial_DIN0207_L6.3mm_D2.5mm_P7.62mm_Horizontal,22K,tht,True
135.255,-299.085,180.0,top,R131,,R_Axial_DIN0207_L6.3mm_D2.5mm_P7.62mm_Horizontal,2K,tht,True
144.145,-306.705,180.0,top,R132,,R_Axial_DIN0207_L6.3mm_D2.5mm_P7.62mm_Horizontal,2K,tht,True
146.05,-309.88,-90.0,top,R133,,R_Axial_DIN0207_L6.3mm_D2.5mm_P7.62mm_Horizontal,2K,tht,True
459.74,-198.755,180.0,top,R134,,R_Axial_DIN0207_L6.3mm_D2.5mm_P7.62mm_Horizontal,10K,tht,True
459.74,-201.93,180.0,top,R135,,R_Axial_DIN0207_L6.3mm_D2.5mm_P7.62mm_Horizontal,10K,tht,True
275.59,-197.485,0.0,top,R136,,R_Axial_DIN0207_L6.3mm_D2.5mm_P7.62mm_Horizontal,5.1K,tht,True
275.59,-206.375,0.0,top,R137,,R_Axial_DIN0207_L6.3mm_D2.5mm_P7.62mm_Horizontal,5.1K,tht,True
288.29,-201.93,0.0,top,R138,,R_Axial_DIN0207_L6.3mm_D2.5mm_P7.62mm_Horizontal,5.1K,tht,True
325.12,-197.485,0.0,top,R139,,R_Axial_DIN0207_L6.3mm_D2.5mm_P7.62mm_Horizontal,10K,tht,True
163.33,-116.84,0.0,top,R14,,R_Axial_DIN0207_L6.3mm_D2.5mm_P7.62mm_Horizontal,2K,tht,True
297.815,-219.075,-90.0,top,R140,,R_Axial_DIN0207_L6.3mm_D2.5mm_P7.62mm_Horizontal,10K,tht,True
313.055,-226.695,-90.0,top,R141,,R_Axial_DIN0207_L6.3mm_D2.5mm_P7.62mm_Horizontal,10K,tht,True
339.725,-202.565,-90.0,top,R142,,R_Axial_DIN0207_L6.3mm_D2.5mm_P7.62mm_Horizontal,22K,tht,True
344.17,-202.565,-90.0,top,R143,,R_Axial_DIN0207_L6.3mm_D2.5mm_P7.62mm_Horizontal,22K,tht,True
354.965,-217.17,-90.0,top,R144,,R_Axial_DIN0207_L6.3mm_D2.5mm_P7.62mm_Horizontal,1K,tht,True
354.965,-230.505,-90.0,top,R145,,R_Axial_DIN0207_L6.3mm_D2.5mm_P7.62mm_Horizontal,1K,tht,True
440.055,-213.36,-90.0,top,R146,,R_Axial_DIN0207_L6.3mm_D2.5mm_P7.62mm_Horizontal,100,tht,True
440.055,-224.155,-90.0,top,R147,,R_Axial_DIN0207_L6.3mm_D2.5mm_P7.62mm_Horizontal,100,tht,True
447.675,-224.155,-90.0,top,R148,,R_Axial_DIN0207_L6.3mm_D2.5mm_P7.62mm_Horizontal,150K,tht,True
175.895,-80.645,-90.0,top,R15,,R_Axial_DIN0207_L6.3mm_D2.5mm_P7.62mm_Horizontal,10K,tht,True
176.03,-107.95,-90.0,top,R16,,R_Axial_DIN0207_L6.3mm_D2.5mm_P7.62mm_Horizontal,10K,tht,True
188.595,-67.31,-90.0,top,R17,,R_Axial_DIN0207_L6.3mm_D2.5mm_P7.62mm_Horizontal,130K,tht,True
188.73,-94.615,-90.0,top,R18,,R_Axial_DIN0207_L6.3mm_D2.5mm_P7.62mm_Horizontal,270K,tht,True
196.215,-67.31,-90.0,top,R19,,R_Axial_DIN0207_L6.3mm_D2.5mm_P7.62mm_Horizontal,10K,tht,True
107.315,-80.01,180.0,top,R2,,R_Axial_DIN0207_L6.3mm_D2.5mm_P7.62mm_Horizontal,2K,tht,True
196.35,-94.615,-90.0,top,R20,,R_Axial_DIN0207_L6.3mm_D2.5mm_P7.62mm_Horizontal,10K,tht,True
212.09,-67.31,-90.0,top,R21,,R_Axial_DIN0207_L6.3mm_D2.5mm_P7.62mm_Horizontal,33K,tht,True
212.09,-94.615,-90.0,top,R22,,R_Axial_DIN0207_L6.3mm_D2.5mm_P7.62mm_Horizontal,15K,tht,True
213.36,-64.135,0.0,top,R23,,R_Axial_DIN0207_L6.3mm_D2.5mm_P7.62mm_Horizontal,2K,tht,True
222.25,-67.31,-90.0,top,R24,,R_Axial_DIN0207_L6.3mm_D2.5mm_P7.62mm_Horizontal,10K,tht,True
163.33,-152.67,0.0,top,R25,,R_Axial_DIN0207_L6.3mm_D2.5mm_P7.62mm_Horizontal,2K,tht,True
163.465,-179.975,0.0,top,R26,,R_Axial_DIN0207_L6.3mm_D2.5mm_P7.62mm_Horizontal,2K,tht,True
176.03,-142.51,-90.0,top,R27,,R_Axial_DIN0207_L6.3mm_D2.5mm_P7.62mm_Horizontal,10K,tht,True
176.165,-169.815,-90.0,top,R28,,R_Axial_DIN0207_L6.3mm_D2.5mm_P7.62mm_Horizontal,10K,tht,True
188.73,-129.175,-90.0,top,R29,,R_Axial_DIN0207_L6.3mm_D2.5mm_P7.62mm_Horizontal,130K,tht,True
107.95,-86.995,180.0,top,R3,,R_Axial_DIN0207_L6.3mm_D2.5mm_P7.62mm_Horizontal,2K,tht,True
188.865,-156.48,-90.0,top,R30,,R_Axial_DIN0207_L6.3mm_D2.5mm_P7.62mm_Horizontal,270K,tht,True
196.35,-129.175,-90.0,top,R31,,R_Axial_DIN0207_L6.3mm_D2.5mm_P7.62mm_Horizontal,10K,tht,True
196.485,-156.48,-90.0,top,R32,,R_Axial_DIN0207_L6.3mm_D2.5mm_P7.62mm_Horizontal,10K,tht,True
212.225,-129.175,-90.0,top,R33,,R_Axial_DIN0207_L6.3mm_D2.5mm_P7.62mm_Horizontal,33K,tht,True
212.225,-156.48,-90.0,top,R34,,R_Axial_DIN0207_L6.3mm_D2.5mm_P7.62mm_Horizontal,15K,tht,True
213.495,-126.0,0.0,top,R35,,R_Axial_DIN0207_L6.3mm_D2.5mm_P7.62mm_Horizontal,2K,tht,True
222.385,-129.175,-90.0,top,R36,,R_Axial_DIN0207_L6.3mm_D2.5mm_P7.62mm_Horizontal,10K,tht,True
267.97,-92.075,0.0,top,R37,,R_Axial_DIN0207_L6.3mm_D2.5mm_P7.62mm_Horizontal,2K,tht,True
271.145,-116.84,0.0,top,R38,,R_Axial_DIN0207_L6.3mm_D2.5mm_P7.62mm_Horizontal,2K,tht,True
280.67,-83.185,-90.0,top,R39,,R_Axial_DIN0207_L6.3mm_D2.5mm_P7.62mm_Horizontal,10K,tht,True
119.38,-81.915,-90.0,top,R4,,R_Axial_DIN0207_L6.3mm_D2.5mm_P7.62mm_Horizontal,2K,tht,True
283.845,-107.95,-90.0,top,R40,,R_Axial_DIN0207_L6.3mm_D2.5mm_P7.62mm_Horizontal,10K,tht,True
296.545,-67.31,-90.0,top,R41,,R_Axial_DIN0207_L6.3mm_D2.5mm_P7.62mm_Horizontal,130K,tht,True
296.68,-94.615,-90.0,top,R42,,R_Axial_DIN0207_L6.3mm_D2.5mm_P7.62mm_Horizontal,270K,tht,True
304.165,-67.31,-90.0,top,R43,,R_Axial_DIN0207_L6.3mm_D2.5mm_P7.62mm_Horizontal,10K,tht,True
304.3,-94.615,-90.0,top,R44,,R_Axial_DIN0207_L6.3mm_D2.5mm_P7.62mm_Horizontal,10K,tht,True
320.04,-67.31,-90.0,top,R45,,R_Axial_DIN0207_L6.3mm_D2.5mm_P7.62mm_Horizontal,33K,tht,True
320.04,-94.615,-90.0,top,R46,,R_Axial_DIN0207_L6.3mm_D2.5mm_P7.62mm_Horizontal,15K,tht,True
321.31,-64.135,0.0,top,R47,,R_Axial_DIN0207_L6.3mm_D2.5mm_P7.62mm_Horizontal,2K,tht,True
330.2,-67.31,-90.0,top,R48,,R_Axial_DIN0207_L6.3mm_D2.5mm_P7.62mm_Horizontal,10K,tht,True
186.055,-201.295,-90.0,top,R49,,R_Axial_DIN0207_L6.3mm_D2.5mm_P7.62mm_Horizontal,10K,tht,True
89.535,-79.375,-90.0,top,R5,,R_Axial_DIN0207_L6.3mm_D2.5mm_P7.62mm_Horizontal,150K,tht,True
173.355,-211.455,0.0,top,R50,,R_Axial_DIN0207_L6.3mm_D2.5mm_P7.62mm_Horizontal,5.1K,tht,True
190.0,-211.455,0.0,top,R51,,R_Axial_DIN0207_L6.3mm_D2.5mm_P7.62mm_Horizontal,5.1K,tht,True
181.11,-221.615,0.0,top,R52,,R_Axial_DIN0207_L6.3mm_D2.5mm_P7.62mm_Horizontal,220,tht,True
173.49,-239.395,0.0,top,R53,,R_Axial_DIN0207_L6.3mm_D2.5mm_P7.62mm_Horizontal,10K,tht,True
198.755,-187.96,-90.0,top,R54,,R_Axial_DIN0207_L6.3mm_D2.5mm_P7.62mm_Horizontal,130K,tht,True
198.89,-220.345,-90.0,top,R55,,R_Axial_DIN0207_L6.3mm_D2.5mm_P7.62mm_Horizontal,270K,tht,True
206.375,-187.96,-90.0,top,R56,,R_Axial_DIN0207_L6.3mm_D2.5mm_P7.62mm_Horizontal,10K,tht,True
206.51,-220.345,-90.0,top,R57,,R_Axial_DIN0207_L6.3mm_D2.5mm_P7.62mm_Horizontal,10K,tht,True
222.25,-187.96,-90.0,top,R58,,R_Axial_DIN0207_L6.3mm_D2.5mm_P7.62mm_Horizontal,22K,tht,True
189.365,-239.395,0.0,top,R59,,R_Axial_DIN0207_L6.3mm_D2.5mm_P7.62mm_Horizontal,5.1K,tht,True
112.395,-81.915,-90.0,top,R6,,R_Axial_DIN0207_L6.3mm_D2.5mm_P7.62mm_Horizontal,220K,tht,True
228.6,-187.96,-90.0,top,R60,,R_Axial_DIN0207_L6.3mm_D2.5mm_P7.62mm_Horizontal,10K,tht,True
299.72,-143.1925,0.0,top,R61,,R_Axial_DIN0207_L6.3mm_D2.5mm_P7.62mm_Horizontal,22K,tht,True
299.72,-166.0525,0.0,top,R62,,R_Axial_DIN0207_L6.3mm_D2.5mm_P7.62mm_Horizontal,22K,tht,True
314.96,-143.1925,0.0,top,R63,,R_Axial_DIN0207_L6.3mm_D2.5mm_P7.62mm_Horizontal,22K,tht,True
314.96,-166.0525,0.0,top,R64,,R_Axial_DIN0207_L6.3mm_D2.5mm_P7.62mm_Horizontal,22K,tht,True
303.53,-171.7675,-90.0,top,R65,,R_Axial_DIN0207_L6.3mm_D2.5mm_P7.62mm_Horizontal,10K,tht,True
318.77,-171.7675,-90.0,top,R66,,R_Axial_DIN0207_L6.3mm_D2.5mm_P7.62mm_Horizontal,10K,tht,True
295.91,-150.8125,-90.0,top,R67,,R_Axial_DIN0207_L6.3mm_D2.5mm_P7.62mm_Horizontal,2K,tht,True
326.39,-145.0975,-90.0,top,R68,,R_Axial_DIN0207_L6.3mm_D2.5mm_P7.62mm_Horizontal,1K,tht,True
326.39,-156.5275,-90.0,top,R69,,R_Axial_DIN0207_L6.3mm_D2.5mm_P7.62mm_Horizontal,1K,tht,True
83.185,-118.11,90.0,top,R7,,R_Axial_DIN0207_L6.3mm_D2.5mm_P7.62mm_Horizontal,2K,tht,True
361.95,-143.1925,0.0,top,R70,,R_Axial_DIN0207_L6.3mm_D2.5mm_P7.62mm_Horizontal,22K,tht,True
361.95,-166.0525,0.0,top,R71,,R_Axial_DIN0207_L6.3mm_D2.5mm_P7.62mm_Horizontal,22K,tht,True
377.19,-143.1925,0.0,top,R72,,R_Axial_DIN0207_L6.3mm_D2.5mm_P7.62mm_Horizontal,22K,tht,True
377.19,-166.0525,0.0,top,R73,,R_Axial_DIN0207_L6.3mm_D2.5mm_P7.62mm_Horizontal,22K,tht,True
362.585,-173.0375,-90.0,top,R74,,R_Axial_DIN0207_L6.3mm_D2.5mm_P7.62mm_Horizontal,10K,tht,True
371.475,-173.0375,-90.0,top,R75,,R_Axial_DIN0207_L6.3mm_D2.5mm_P7.62mm_Horizontal,10K,tht,True
358.14,-150.8125,-90.0,top,R76,,R_Axial_DIN0207_L6.3mm_D2.5mm_P7.62mm_Horizontal,2K,tht,True
388.62,-145.0975,-90.0,top,R77,,R_Axial_DIN0207_L6.3mm_D2.5mm_P7.62mm_Horizontal,1K,tht,True
388.62,-156.5275,-90.0,top,R78,,R_Axial_DIN0207_L6.3mm_D2.5mm_P7.62mm_Horizontal,1K,tht,True
232.41,-247.65,0.0,top,R79,,R_Axial_DIN0207_L6.3mm_D2.5mm_P7.62mm_Horizontal,5.1K,tht,True
107.315,-120.65,180.0,top,R8,,R_Axial_DIN0207_L6.3mm_D2.5mm_P7.62mm_Horizontal,2K,tht,True
238.125,-255.905,0.0,top,R80,,R_Axial_DIN0207_L6.3mm_D2.5mm_P7.62mm_Horizontal,100K,tht,True
238.125,-269.875,0.0,top,R81,,R_Axial_DIN0207_L6.3mm_D2.5mm_P7.62mm_Horizontal,100K,tht,True
224.79,-282.575,0.0,top,R82,,R_Axial_DIN0207_L6.3mm_D2.5mm_P7.62mm_Horizontal,12K,tht,True
210.185,-274.955,0.0,top,R83,,R_Axial_DIN0207_L6.3mm_D2.5mm_P7.62mm_Horizontal,10K,tht,True
221.615,-293.37,90.0,top,R84,,R_Axial_DIN0207_L6.3mm_D2.5mm_P7.62mm_Horizontal,1.8K,tht,True
189.865,-277.495,0.0,top,R85,,R_Axial_DIN0207_L6.3mm_D2.5mm_P7.62mm_Horizontal,2K,tht,True
203.2,-286.385,90.0,top,R86,,R_Axial_DIN0207_L6.3mm_D2.5mm_P7.62mm_Horizontal,10K,tht,True
195.025,-300.355,90.0,top,R87,,R_Axial_DIN0207_L6.3mm_D2.5mm_P7.62mm_Horizontal,150K,tht,True
179.07,-315.595,0.0,top,R88,,R_Axial_DIN0207_L6.3mm_D2.5mm_P7.62mm_Horizontal,270,tht,True
104.775,-156.845,-90.0,top,R89,,R_Axial_DIN0207_L6.3mm_D2.5mm_P7.62mm_Horizontal,5.1K,tht,True
107.95,-127.635,180.0,top,R9,,R_Axial_DIN0207_L6.3mm_D2.5mm_P7.62mm_Horizontal,2K,tht,True
104.775,-186.055,-90.0,top,R90,,R_Axial_DIN0207_L6.3mm_D2.5mm_P7.62mm_Horizontal,5.1K,tht,True
93.345,-167.005,0.0,top,R91,,R_Axial_DIN0207_L6.3mm_D2.5mm_P7.62mm_Horizontal,51K,tht,True
93.98,-196.85,0.0,top,R92,,R_Axial_DIN0207_L6.3mm_D2.5mm_P7.62mm_Horizontal,51K,tht,True
81.28,-201.93,0.0,top,R93,,R_Axial_DIN0207_L6.3mm_D2.5mm_P7.62mm_Horizontal,10K,tht,True
91.44,-205.105,-90.0,top,R94,,R_Axial_DIN0207_L6.3mm_D2.5mm_P7.62mm_Horizontal,12K,tht,True
414.655,-133.35,-90.0,top,R95,,R_Axial_DIN0207_L6.3mm_D2.5mm_P7.62mm_Horizontal,10K,tht,True
430.53,-133.35,-90.0,top,R96,,R_Axial_DIN0207_L6.3mm_D2.5mm_P7.62mm_Horizontal,510K,tht,True
455.93,-133.35,-90.0,top,R97,,R_Axial_DIN0207_L6.3mm_D2.5mm_P7.62mm_Horizontal,10K,tht,True
443.865,-144.145,0.0,top,R98,,R_Axial_DIN0207_L6.3mm_D2.5mm_P7.62mm_Horizontal,100K,tht,True
422.91,-158.115,-90.0,top,R99,,R_Axial_DIN0207_L6.3mm_D2.5mm_P7.62mm_Horizontal,100K,tht,True
64.135,-59.055,0.0,top,REF1,,MountingHole_3.2mm_M3,MountingHole_3.2mm_M3,tht,False
488.315,-59.055,0.0,top,REF2,,MountingHole_3.2mm_M3,MountingHole_3.2mm_M3,tht,False
64.135,-330.835,0.0,top,REF3,,MountingHole_3.2mm_M3,MountingHole_3.2mm_M3,tht,False
488.315,-330.835,0.0,top,REF4,,MountingHole_3.2mm_M3,MountingHole_3.2mm_M3,tht,False
89.535,-69.865,90.0,top,RV1,,Potentiometer_Bourns_3266W_Vertical,100K,tht,True
302.26,-314.325,90.0,top,RV10,,Potentiometer_Bourns_3266W_Vertical,5K,tht,True
313.055,-314.325,90.0,top,RV11,,Potentiometer_Bourns_3266W_Vertical,5K,tht,True
324.485,-314.325,90.0,top,RV12,,Potentiometer_Bourns_3266W_Vertical,5K,tht,True
337.82,-314.325,90.0,top,RV13,,Potentiometer_Bourns_3266W_Vertical,5K,tht,True
89.535,-110.505,90.0,top,RV2,,Potentiometer_Bourns_3266W_Vertical,100K,tht,True
250.235,-95.9,-90.0,top,RV3,,Potentiometer_Bourns_3266W_Vertical,10K,tht,True
260.395,-90.82,90.0,top,RV4,,Potentiometer_Bourns_3266W_Vertical,5K,tht,True
298.825,-120.825,-90.0,top,RV5,,Potentiometer_Bourns_3266W_Vertical,10K,tht,True
260.985,-113.665,0.0,top,RV6,,Potentiometer_Bourns_3266W_Vertical,25K,tht,True
255.905,-121.285,180.0,top,RV7,,Potentiometer_Bourns_3266W_Vertical,25K,tht,True
174.125,-219.075,90.0,top,RV8,,Potentiometer_Bourns_3266W_Vertical,10K,tht,True
419.735,-90.17,90.0,top,RV9,,Potentiometer_Bourns_3266W_Vertical,5K,tht,True
284.990334,-255.27,-90.0,top,S1,,MFS401N2Z_brownbox,SW_Slide_4PDT,tht,True
310.605714,-281.305,-90.0,top,S10,,MFS401N2Z_brownbox,SW_Slide_4PDT,tht,True
336.096428,-281.305,-90.0,top,S11,,MFS401N2Z_brownbox,SW_Slide_4PDT,tht,True
361.587142,-281.305,-90.0,top,S12,,MFS401N2Z_brownbox,SW_Slide_4PDT,tht,True
387.077856,-281.305,-90.0,top,S13,,MFS401N2Z_brownbox,SW_Slide_4PDT,tht,True
412.56857,-281.305,-90.0,top,S14,,MFS401N2Z_brownbox,SW_Slide_4PDT,tht,True
438.059284,-281.305,-90.0,top,S15,,MFS401N2Z_brownbox,SW_Slide_4PDT,tht,True
463.55,-281.305,-90.0,top,S16,,MFS401N2Z_brownbox,SW_Slide_4PDT,tht,True
377.825,-213.36,0.0,top,S17,,honeywell 3pdt switch,SW_Push_3PDT,tht,True
416.56,-213.36,0.0,top,S18,,honeywell 3pdt switch,SW_Push_3PDT,tht,True
236.22,-319.405,0.0,top,S19,,PinHeader_2x01_P2.54mm_Vertical,POWER,tht,True
310.475,-255.27,-90.0,top,S2,,MFS401N2Z_brownbox,SW_Slide_4PDT,tht,True
335.959666,-255.27,-90.0,top,S3,,MFS401N2Z_brownbox,SW_Slide_4PDT,tht,True
361.444332,-255.27,-90.0,top,S4,,MFS401N2Z_brownbox,SW_Slide_4PDT,tht,True
386.928998,-255.27,-90.0,top,S5,,MFS401N2Z_brownbox,SW_Slide_4PDT,tht,True
412.413664,-255.27,-90.0,top,S6,,MFS401N2Z_brownbox,SW_Slide_4PDT,tht,True
437.89833,-255.27,-90.0,top,S7,,MFS401N2Z_brownbox,SW_Slide_4PDT,tht,True
463.383002,-255.27,-90.0,top,S8,,MFS401N2Z_brownbox,SW_Slide_4PDT,tht,True
285.115,-281.305,-90.0,top,S9,,MFS401N2Z_brownbox,SW_Slide_4PDT,tht,True
321.31,-224.155,-90.0,top,SCR1,,TO-92L_Inline_Wide,NT854,tht,True
397.51,-92.71,0.0,top,T1,,brownbox_transformer,"CF104 core, #22 wire",tht,True
189.23,-307.975,0.0,top,TP1,,PinHeader_1x01_P2.54mm_Vertical,ANT1,tht,True
189.23,-315.595,0.0,top,TP2,,PinHeader_1x01_P2.54mm_Vertical,ANT2,tht,True
367.03,-94.615,-90.0,top,X1,,Crystal_HC49-U_Horizontal,3.579545Mhz,tht,True
