﻿designator,quantity,value,pack,mpn,mount_type
BT1,1,4 D Cells,PinHeader_1x02_P2.54mm_Vertical,,tht
BT2,1,1 C Cell,PinHeader_1x02_P2.54mm_Vertical,,tht
C1,1,390pF,C_Disc_D5.0mm_W2.5mm_P5.00mm,,tht
"C10, C15, C17, C22, C24, C26, C28, C29, C3, C32, C33, C39, C47, C52, C53, C8",16,0.1uF,C_Disc_D5.0mm_W2.5mm_P5.00mm,,tht
"C11, C18, C41, C48, C49, C50",6,0.01uF,C_Disc_D5.0mm_W2.5mm_P5.00mm,,tht
"C12, C13, C19, C20, C5, C6",6,100uF,C_Disc_D5.0mm_W2.5mm_P5.00mm,,tht
"C14, C21, C25, C7",4,750pF,C_Disc_D5.0mm_W2.5mm_P5.00mm,,tht
"C16, C23, C27, C9",4,130pF,C_Disc_D5.0mm_W2.5mm_P5.00mm,,tht
C2,1,330pF,C_Disc_D5.0mm_W2.5mm_P5.00mm,,tht
"C30, C31, C34, C35",4,100pF,C_Disc_D5.0mm_W2.5mm_P5.00mm,,tht
C36,1,82pF,C_Disc_D5.0mm_W2.5mm_P5.00mm,,tht
"C37, C43",2,180pF,C_Disc_D5.0mm_W2.5mm_P5.00mm,,tht
C38,1,0.22uF,C_Disc_D5.0mm_W2.5mm_P5.00mm,,tht
C4,1,0.2uF,C_Disc_D5.0mm_W2.5mm_P5.00mm,,tht
C40,1,27pF,C_Disc_D5.0mm_W2.5mm_P5.00mm,,tht
C42,1,62pF,C_Disc_D5.0mm_W2.5mm_P5.00mm,,tht
C44,1,56pF,C_Disc_D5.0mm_W2.5mm_P5.00mm,,tht
C45,1,360pF,C_Disc_D5.0mm_W2.5mm_P5.00mm,,tht
C46,1,120pF,C_Disc_D5.0mm_W2.5mm_P5.00mm,,tht
C51,1,0.3uF,C_Disc_D5.0mm_W2.5mm_P5.00mm,,tht
"C54, C55",2,10uF,C_Disc_D5.0mm_W2.5mm_P5.00mm,,tht
C56,1,0.02uF,C_Disc_D5.0mm_W2.5mm_P5.00mm,,tht
"CV1, CV2",2,9-35pF,C_Disc_D5.0mm_W2.5mm_P5.00mm,,tht
"D1, D10, D15, D16, D17, D18, D19, D2, D20, D21, D22, D24, D25, D26, D27, D28, D29, D3, D30, D31, D32, D33, D34, D35, D36, D37, D38, D4, D45, D46, D47, D48, D5, D6, D7, D8, D9",37,1N4148,D_DO-35_SOD27_P7.62mm_Horizontal,,tht
"D11, D12, D13, D14, D23, D39, D40, D41, D42, D43, D44",11,1N270,D_DO-35_SOD27_P7.62mm_Horizontal,,tht
J1,1,Rifle Connector - C7-205,IDC-Header_2x04_P2.54mm_Vertical,,tht
J2,1,12-Pin Cinch Jones Expansion Connector,IDC-Header_2x06_P2.54mm_Vertical,,tht
J3,1,Jumper,PinHeader_1x02_P2.54mm_Vertical,,tht
L1,1,"4 Turns, #16 brass",L_Axial_L5.3mm_D2.2mm_P7.62mm_Horizontal_Vishay_IM-1,,tht
L2,1,L,L_Axial_L5.3mm_D2.2mm_P7.62mm_Horizontal_Vishay_IM-1,,tht
"Q1, Q10, Q12, Q13, Q14, Q16, Q17, Q18, Q20, Q29, Q3, Q30, Q35, Q36, Q5, Q6, Q8, Q9",18,2N5134,TO-92_Offset_TO-106_EBC,,tht
"Q11, Q15, Q19, Q21, Q23, Q25, Q27, Q31, Q32, Q33, Q34, Q37, Q38, Q39, Q42, Q44, Q45, Q46, Q7",19,2N5133,TO-92_Offset_TO-106_EBC,,tht
"Q2, Q22, Q24, Q26, Q28, Q4, Q40, Q41, Q43",9,2N5139,TO-92_Offset_TO-106_EBC,,tht
"R1, R10, R13, R131, R132, R133, R14, R2, R23, R25, R26, R3, R35, R37, R38, R4, R47, R67, R7, R76, R8, R85, R9",23,2K,R_Axial_DIN0207_L6.3mm_D2.5mm_P7.62mm_Horizontal,,tht
"R100, R101",2,20K,R_Axial_DIN0207_L6.3mm_D2.5mm_P7.62mm_Horizontal,,tht
R102,1,300K,R_Axial_DIN0207_L6.3mm_D2.5mm_P7.62mm_Horizontal,,tht
"R103, R104, R110, R111, R114, R115, R120, R123, R126, R134, R135, R139, R140, R141, R15, R16, R19, R20, R24, R27, R28, R31, R32, R36, R39, R40, R43, R44, R48, R49, R53, R56, R57, R60, R65, R66, R74, R75, R83, R86, R93, R95, R97",43,10K,R_Axial_DIN0207_L6.3mm_D2.5mm_P7.62mm_Horizontal,,tht
"R106, R107",2,6.2K,R_Axial_DIN0207_L6.3mm_D2.5mm_P7.62mm_Horizontal,,tht
"R108, R121, R127, R91, R92",5,51K,R_Axial_DIN0207_L6.3mm_D2.5mm_P7.62mm_Horizontal,,tht
"R109, R22, R34, R46",4,15K,R_Axial_DIN0207_L6.3mm_D2.5mm_P7.62mm_Horizontal,,tht
"R11, R148, R5, R87",4,150K,R_Axial_DIN0207_L6.3mm_D2.5mm_P7.62mm_Horizontal,,tht
"R112, R113, R116, R117, R118, R119, R124, R125, R80, R81, R98, R99",12,100K,R_Axial_DIN0207_L6.3mm_D2.5mm_P7.62mm_Horizontal,,tht
"R12, R6",2,220K,R_Axial_DIN0207_L6.3mm_D2.5mm_P7.62mm_Horizontal,,tht
"R122, R21, R33, R45",4,33K,R_Axial_DIN0207_L6.3mm_D2.5mm_P7.62mm_Horizontal,,tht
"R128, R129, R136, R137, R138, R50, R51, R59, R79, R89, R90",11,5.1K,R_Axial_DIN0207_L6.3mm_D2.5mm_P7.62mm_Horizontal,,tht
"R130, R142, R143, R58, R61, R62, R63, R64, R70, R71, R72, R73",12,22K,R_Axial_DIN0207_L6.3mm_D2.5mm_P7.62mm_Horizontal,,tht
"R144, R145, R68, R69, R77, R78",6,1K,R_Axial_DIN0207_L6.3mm_D2.5mm_P7.62mm_Horizontal,,tht
"R146, R147",2,100,R_Axial_DIN0207_L6.3mm_D2.5mm_P7.62mm_Horizontal,,tht
"R17, R29, R41, R54",4,130K,R_Axial_DIN0207_L6.3mm_D2.5mm_P7.62mm_Horizontal,,tht
"R18, R30, R42, R55",4,270K,R_Axial_DIN0207_L6.3mm_D2.5mm_P7.62mm_Horizontal,,tht
R52,1,220,R_Axial_DIN0207_L6.3mm_D2.5mm_P7.62mm_Horizontal,,tht
"R82, R94",2,12K,R_Axial_DIN0207_L6.3mm_D2.5mm_P7.62mm_Horizontal,,tht
R84,1,1.8K,R_Axial_DIN0207_L6.3mm_D2.5mm_P7.62mm_Horizontal,,tht
R88,1,270,R_Axial_DIN0207_L6.3mm_D2.5mm_P7.62mm_Horizontal,,tht
R96,1,510K,R_Axial_DIN0207_L6.3mm_D2.5mm_P7.62mm_Horizontal,,tht
"REF1, REF2, REF3, REF4",4,MountingHole_3.2mm_M3,MountingHole_3.2mm_M3,,tht
"RV1, RV2",2,100K,Potentiometer_Bourns_3266W_Vertical,,tht
"RV10, RV11, RV12, RV13, RV4, RV9",6,5K,Potentiometer_Bourns_3266W_Vertical,,tht
"RV3, RV5, RV8",3,10K,Potentiometer_Bourns_3266W_Vertical,,tht
"RV6, RV7",2,25K,Potentiometer_Bourns_3266W_Vertical,,tht
"S1, S10, S11, S12, S13, S14, S15, S16, S2, S3, S4, S5, S6, S7, S8, S9",16,SW_Slide_4PDT,MFS401N2Z_brownbox,,tht
"S17, S18",2,SW_Push_3PDT,honeywell 3pdt switch,,tht
S19,1,POWER,PinHeader_2x01_P2.54mm_Vertical,,tht
SCR1,1,NT854,TO-92L_Inline_Wide,,tht
T1,1,"CF104 core, #22 wire",brownbox_transformer,,tht
TP1,1,ANT1,PinHeader_1x01_P2.54mm_Vertical,,tht
TP2,1,ANT2,PinHeader_1x01_P2.54mm_Vertical,,tht
X1,1,3.579545Mhz,Crystal_HC49-U_Horizontal,,tht
